{"stats":{"minecraft:used":{"minecraft:wooden_axe":11,"minecraft:apple":2,"minecraft:wooden_pickaxe":28,"minecraft:torch":2,"minecraft:wooden_sword":40,"minecraft:dirt":23,"minecraft:sand":2,"minecraft:crafting_table":1,"minecraft:furnace":1,"minecraft:white_bed":1,"minecraft:cooked_beef":1},"minecraft:mined":{"minecraft:magma_block":3,"minecraft:birch_leaves":1,"minecraft:grass":13,"minecraft:grass_block":15,"minecraft:oak_log":15,"minecraft:sand":1,"minecraft:dirt":1,"minecraft:tall_grass":1,"minecraft:stone":25,"minecraft:oak_leaves":7},"minecraft:crafted":{"minecraft:cooked_beef":5,"minecraft:wooden_sword":1,"minecraft:oak_slab":30,"minecraft:oak_planks":56,"minecraft:charcoal":2,"minecraft:crafting_table":1,"minecraft:stick":8,"minecraft:wooden_pickaxe":1,"minecraft:wooden_axe":1,"minecraft:white_bed":1,"minecraft:furnace":1,"minecraft:torch":8,"minecraft:air":0,"minecraft:cooked_mutton":7},"minecraft:custom":{"minecraft:time_since_rest":1101,"minecraft:interact_with_furnace":7,"minecraft:sprint_one_cm":36681,"minecraft:damage_taken":115,"minecraft:walk_one_cm":42384,"minecraft:mob_kills":9,"minecraft:damage_dealt":841,"minecraft:interact_with_crafting_table":8,"minecraft:fly_one_cm":20258,"minecraft:crouch_one_cm":654,"minecraft:play_time":30850,"minecraft:walk_under_water_one_cm":3816,"minecraft:sneak_time":293,"minecraft:jump":185,"minecraft:leave_game":1,"minecraft:time_since_death":30850,"minecraft:walk_on_water_one_cm":4740,"minecraft:sleep_in_bed":1,"minecraft:total_world_time":30850,"minecraft:fall_one_cm":5664},"minecraft:picked_up":{"minecraft:magma_block":3,"minecraft:stick":5,"minecraft:leather":5,"minecraft:sand":2,"minecraft:oak_log":18,"minecraft:dirt":23,"minecraft:apple":2,"minecraft:rotten_flesh":2,"minecraft:beef":5,"minecraft:oak_sapling":7,"minecraft:mutton":7,"minecraft:white_wool":4,"minecraft:cobblestone":23},"minecraft:killed":{"minecraft:sheep":4,"minecraft:skeleton":1,"minecraft:cow":4}},"DataVersion":3465}